"{'layout': [12, 0, 1, 8, 7, 2, 3, 6, 4, 9, 15, 5, 14, 13, 11, 10], 'arch': [1, 2, 15, 16, 8, 4, 15, 1, 2, 2, 1, 2, 12, 10, 11, 1, 6]}",1,0.6110936403274536,68.75,0.6770553112030029,65.0
"{'layout': [12, 0, 1, 8, 7, 2, 3, 6, 4, 9, 15, 5, 14, 13, 11, 10], 'arch': [1, 2, 15, 16, 8, 4, 15, 1, 2, 2, 1, 2, 12, 10, 11, 1, 6]}",2,0.5919156074523926,75.0,0.6631873607635498,60.0
"{'layout': [12, 0, 1, 8, 7, 2, 3, 6, 4, 9, 15, 5, 14, 13, 11, 10], 'arch': [1, 2, 15, 16, 8, 4, 15, 1, 2, 2, 1, 2, 12, 10, 11, 1, 6]}",3,0.5855917930603027,75.0,0.6513463020324707,61.25000000000001
"{'layout': [12, 0, 1, 8, 7, 2, 3, 6, 4, 9, 15, 5, 14, 13, 11, 10], 'arch': [1, 2, 15, 16, 8, 4, 15, 1, 2, 2, 1, 2, 12, 10, 11, 1, 6]}",4,0.5807855725288391,75.0,0.643900203704834,65.0
"{'layout': [12, 0, 1, 8, 7, 2, 3, 6, 4, 9, 15, 5, 14, 13, 11, 10], 'arch': [1, 2, 15, 16, 8, 4, 15, 1, 2, 2, 1, 2, 12, 10, 11, 1, 6]}",5,0.5733178853988647,75.0,0.639386248588562,63.74999999999999
"{'layout': [12, 0, 1, 8, 7, 2, 3, 6, 4, 9, 15, 5, 14, 13, 11, 10], 'arch': [1, 2, 15, 16, 8, 4, 15, 1, 2, 2, 1, 2, 12, 10, 11, 1, 6]}",6,0.566558837890625,78.125,0.6353135108947754,65.0
"{'layout': [12, 0, 1, 8, 7, 2, 3, 6, 4, 9, 15, 5, 14, 13, 11, 10], 'arch': [1, 2, 15, 16, 8, 4, 15, 1, 2, 2, 1, 2, 12, 10, 11, 1, 6]}",7,0.5603159666061401,81.25,0.631688904762268,66.25
"{'layout': [12, 0, 1, 8, 7, 2, 3, 6, 4, 9, 15, 5, 14, 13, 11, 10], 'arch': [1, 2, 15, 16, 8, 4, 15, 1, 2, 2, 1, 2, 12, 10, 11, 1, 6]}",8,0.5559375882148743,81.25,0.6282927632331848,66.25
"{'layout': [12, 0, 1, 8, 7, 2, 3, 6, 4, 9, 15, 5, 14, 13, 11, 10], 'arch': [1, 2, 15, 16, 8, 4, 15, 1, 2, 2, 1, 2, 12, 10, 11, 1, 6]}",9,0.5499184131622314,78.125,0.6254301905632019,65.0
"{'layout': [12, 0, 1, 8, 7, 2, 3, 6, 4, 9, 15, 5, 14, 13, 11, 10], 'arch': [1, 2, 15, 16, 8, 4, 15, 1, 2, 2, 1, 2, 12, 10, 11, 1, 6]}",10,0.5477416515350342,75.0,0.6232522606849671,66.25
"{'layout': [12, 0, 1, 8, 7, 2, 3, 6, 4, 9, 15, 5, 14, 13, 11, 10], 'arch': [1, 2, 15, 16, 8, 4, 15, 1, 2, 2, 1, 2, 12, 10, 11, 1, 6]}",11,0.5429018139839172,75.0,0.620821225643158,66.25
"{'layout': [12, 0, 1, 8, 7, 2, 3, 6, 4, 9, 15, 5, 14, 13, 11, 10], 'arch': [1, 2, 15, 16, 8, 4, 15, 1, 2, 2, 1, 2, 12, 10, 11, 1, 6]}",12,0.5402902364730835,75.0,0.6177786111831665,67.5
"{'layout': [12, 0, 1, 8, 7, 2, 3, 6, 4, 9, 15, 5, 14, 13, 11, 10], 'arch': [1, 2, 15, 16, 8, 4, 15, 1, 2, 2, 1, 2, 12, 10, 11, 1, 6]}",13,0.5358299612998962,75.0,0.6167647957801818,66.25
"{'layout': [12, 0, 1, 8, 7, 2, 3, 6, 4, 9, 15, 5, 14, 13, 11, 10], 'arch': [1, 2, 15, 16, 8, 4, 15, 1, 2, 2, 1, 2, 12, 10, 11, 1, 6]}",14,0.5348381996154785,71.875,0.6143901348114014,68.75
"{'layout': [12, 0, 1, 8, 7, 2, 3, 6, 4, 9, 15, 5, 14, 13, 11, 10], 'arch': [1, 2, 15, 16, 8, 4, 15, 1, 2, 2, 1, 2, 12, 10, 11, 1, 6]}",15,0.5325021147727966,71.875,0.6132786393165588,68.75
"{'layout': [12, 0, 1, 8, 7, 2, 3, 6, 4, 9, 15, 5, 14, 13, 11, 10], 'arch': [1, 2, 15, 16, 8, 4, 15, 1, 2, 2, 1, 2, 12, 10, 11, 1, 6]}",16,0.530960202217102,71.875,0.6116505026817322,67.5
"{'layout': [12, 0, 1, 8, 7, 2, 3, 6, 4, 9, 15, 5, 14, 13, 11, 10], 'arch': [1, 2, 15, 16, 8, 4, 15, 1, 2, 2, 1, 2, 12, 10, 11, 1, 6]}",17,0.5300465226173401,71.875,0.6103110790252686,67.5
"{'layout': [12, 0, 1, 8, 7, 2, 3, 6, 4, 9, 15, 5, 14, 13, 11, 10], 'arch': [1, 2, 15, 16, 8, 4, 15, 1, 2, 2, 1, 2, 12, 10, 11, 1, 6]}",18,0.5275586843490601,71.875,0.6087730169296265,66.25
"{'layout': [12, 0, 1, 8, 7, 2, 3, 6, 4, 9, 15, 5, 14, 13, 11, 10], 'arch': [1, 2, 15, 16, 8, 4, 15, 1, 2, 2, 1, 2, 12, 10, 11, 1, 6]}",19,0.5271821022033691,71.875,0.6078437566757202,66.25
"{'layout': [12, 0, 1, 8, 7, 2, 3, 6, 4, 9, 15, 5, 14, 13, 11, 10], 'arch': [1, 2, 15, 16, 8, 4, 15, 1, 2, 2, 1, 2, 12, 10, 11, 1, 6]}",20,0.5268124938011169,71.875,0.6071138978004456,67.5
"{'layout': [12, 0, 1, 8, 7, 2, 3, 6, 4, 9, 15, 5, 14, 13, 11, 10], 'arch': [1, 2, 15, 16, 8, 4, 15, 1, 2, 2, 1, 2, 12, 10, 11, 1, 6]}",21,0.5285536050796509,71.875,0.6064661979675293,67.5
"{'layout': [12, 0, 1, 8, 7, 2, 3, 6, 4, 9, 15, 5, 14, 13, 11, 10], 'arch': [1, 2, 15, 16, 8, 4, 15, 1, 2, 2, 1, 2, 12, 10, 11, 1, 6]}",22,0.5265393257141113,71.875,0.6053436279296875,66.25
"{'layout': [12, 0, 1, 8, 7, 2, 3, 6, 4, 9, 15, 5, 14, 13, 11, 10], 'arch': [1, 2, 15, 16, 8, 4, 15, 1, 2, 2, 1, 2, 12, 10, 11, 1, 6]}",23,0.5271690487861633,75.0,0.604654848575592,67.5
"{'layout': [12, 0, 1, 8, 7, 2, 3, 6, 4, 9, 15, 5, 14, 13, 11, 10], 'arch': [1, 2, 15, 16, 8, 4, 15, 1, 2, 2, 1, 2, 12, 10, 11, 1, 6]}",24,0.5263795852661133,71.875,0.6042428255081177,66.25
"{'layout': [12, 0, 1, 8, 7, 2, 3, 6, 4, 9, 15, 5, 14, 13, 11, 10], 'arch': [1, 2, 15, 16, 8, 4, 15, 1, 2, 2, 1, 2, 12, 10, 11, 1, 6]}",25,0.5256999135017395,71.875,0.60373615026474,66.25
"{'layout': [12, 0, 1, 8, 7, 2, 3, 6, 4, 9, 15, 5, 14, 13, 11, 10], 'arch': [1, 2, 15, 16, 8, 4, 15, 1, 2, 2, 1, 2, 12, 10, 11, 1, 6]}",26,0.5258288979530334,75.0,0.6026217103004455,68.75
"{'layout': [12, 0, 1, 8, 7, 2, 3, 6, 4, 9, 15, 5, 14, 13, 11, 10], 'arch': [1, 2, 15, 16, 8, 4, 15, 1, 2, 2, 1, 2, 12, 10, 11, 1, 6]}",27,0.5276507139205933,75.0,0.601994252204895,67.5
"{'layout': [12, 0, 1, 8, 7, 2, 3, 6, 4, 9, 15, 5, 14, 13, 11, 10], 'arch': [1, 2, 15, 16, 8, 4, 15, 1, 2, 2, 1, 2, 12, 10, 11, 1, 6]}",28,0.5242928862571716,71.875,0.6022339940071106,66.25
"{'layout': [12, 0, 1, 8, 7, 2, 3, 6, 4, 9, 15, 5, 14, 13, 11, 10], 'arch': [1, 2, 15, 16, 8, 4, 15, 1, 2, 2, 1, 2, 12, 10, 11, 1, 6]}",29,0.5254460573196411,75.0,0.601000988483429,70.0
"{'layout': [12, 0, 1, 8, 7, 2, 3, 6, 4, 9, 15, 5, 14, 13, 11, 10], 'arch': [1, 2, 15, 16, 8, 4, 15, 1, 2, 2, 1, 2, 12, 10, 11, 1, 6]}",30,0.5244574546813965,75.0,0.6005412697792053,67.5
"{'layout': [12, 0, 1, 8, 7, 2, 3, 6, 4, 9, 15, 5, 14, 13, 11, 10], 'arch': [1, 2, 15, 16, 8, 4, 15, 1, 2, 2, 1, 2, 12, 10, 11, 1, 6]}",31,0.5253221988677979,71.875,0.6012659430503845,66.25
"{'layout': [12, 0, 1, 8, 7, 2, 3, 6, 4, 9, 15, 5, 14, 13, 11, 10], 'arch': [1, 2, 15, 16, 8, 4, 15, 1, 2, 2, 1, 2, 12, 10, 11, 1, 6]}",32,0.527234673500061,75.0,0.600012731552124,70.0
"{'layout': [12, 0, 1, 8, 7, 2, 3, 6, 4, 9, 15, 5, 14, 13, 11, 10], 'arch': [1, 2, 15, 16, 8, 4, 15, 1, 2, 2, 1, 2, 12, 10, 11, 1, 6]}",33,0.5265223979949951,75.0,0.6003602147102356,68.75
"{'layout': [12, 0, 1, 8, 7, 2, 3, 6, 4, 9, 15, 5, 14, 13, 11, 10], 'arch': [1, 2, 15, 16, 8, 4, 15, 1, 2, 2, 1, 2, 12, 10, 11, 1, 6]}",34,0.5242033004760742,75.0,0.6004314303398133,67.5
"{'layout': [12, 0, 1, 8, 7, 2, 3, 6, 4, 9, 15, 5, 14, 13, 11, 10], 'arch': [1, 2, 15, 16, 8, 4, 15, 1, 2, 2, 1, 2, 12, 10, 11, 1, 6]}",35,0.523594319820404,75.0,0.5997773289680481,68.75
"{'layout': [12, 0, 1, 8, 7, 2, 3, 6, 4, 9, 15, 5, 14, 13, 11, 10], 'arch': [1, 2, 15, 16, 8, 4, 15, 1, 2, 2, 1, 2, 12, 10, 11, 1, 6]}",36,0.5257748365402222,75.0,0.5990856170654297,68.75
"{'layout': [12, 0, 1, 8, 7, 2, 3, 6, 4, 9, 15, 5, 14, 13, 11, 10], 'arch': [1, 2, 15, 16, 8, 4, 15, 1, 2, 2, 1, 2, 12, 10, 11, 1, 6]}",37,0.5276343822479248,75.0,0.599065899848938,68.75
"{'layout': [12, 0, 1, 8, 7, 2, 3, 6, 4, 9, 15, 5, 14, 13, 11, 10], 'arch': [1, 2, 15, 16, 8, 4, 15, 1, 2, 2, 1, 2, 12, 10, 11, 1, 6]}",38,0.5248486995697021,75.0,0.5987400531768798,68.75
"{'layout': [12, 0, 1, 8, 7, 2, 3, 6, 4, 9, 15, 5, 14, 13, 11, 10], 'arch': [1, 2, 15, 16, 8, 4, 15, 1, 2, 2, 1, 2, 12, 10, 11, 1, 6]}",39,0.5260145664215088,75.0,0.5987671613693237,68.75
"{'layout': [12, 0, 1, 8, 7, 2, 3, 6, 4, 9, 15, 5, 14, 13, 11, 10], 'arch': [1, 2, 15, 16, 8, 4, 15, 1, 2, 2, 1, 2, 12, 10, 11, 1, 6]}",40,0.5233021974563599,75.0,0.5986254811286926,70.0
"{'layout': [12, 0, 1, 8, 7, 2, 3, 6, 4, 9, 15, 5, 14, 13, 11, 10], 'arch': [1, 2, 15, 16, 8, 4, 15, 1, 2, 2, 1, 2, 12, 10, 11, 1, 6]}",41,0.5245395302772522,75.0,0.5985770940780639,68.75
"{'layout': [12, 0, 1, 8, 7, 2, 3, 6, 4, 9, 15, 5, 14, 13, 11, 10], 'arch': [1, 2, 15, 16, 8, 4, 15, 1, 2, 2, 1, 2, 12, 10, 11, 1, 6]}",42,0.527657687664032,75.0,0.5979740262031555,68.75
"{'layout': [12, 0, 1, 8, 7, 2, 3, 6, 4, 9, 15, 5, 14, 13, 11, 10], 'arch': [1, 2, 15, 16, 8, 4, 15, 1, 2, 2, 1, 2, 12, 10, 11, 1, 6]}",43,0.5260938405990601,75.0,0.5981170654296875,68.75
"{'layout': [12, 0, 1, 8, 7, 2, 3, 6, 4, 9, 15, 5, 14, 13, 11, 10], 'arch': [1, 2, 15, 16, 8, 4, 15, 1, 2, 2, 1, 2, 12, 10, 11, 1, 6]}",44,0.5275219678878784,75.0,0.5980906009674072,68.75
"{'layout': [12, 0, 1, 8, 7, 2, 3, 6, 4, 9, 15, 5, 14, 13, 11, 10], 'arch': [1, 2, 15, 16, 8, 4, 15, 1, 2, 2, 1, 2, 12, 10, 11, 1, 6]}",45,0.5252101421356201,75.0,0.5980535030364991,68.75
"{'layout': [12, 0, 1, 8, 7, 2, 3, 6, 4, 9, 15, 5, 14, 13, 11, 10], 'arch': [1, 2, 15, 16, 8, 4, 15, 1, 2, 2, 1, 2, 12, 10, 11, 1, 6]}",46,0.5252920389175415,75.0,0.5979124784469605,68.75
"{'layout': [12, 0, 1, 8, 7, 2, 3, 6, 4, 9, 15, 5, 14, 13, 11, 10], 'arch': [1, 2, 15, 16, 8, 4, 15, 1, 2, 2, 1, 2, 12, 10, 11, 1, 6]}",47,0.5260160565376282,75.0,0.596736478805542,72.5
"{'layout': [12, 0, 1, 8, 7, 2, 3, 6, 4, 9, 15, 5, 14, 13, 11, 10], 'arch': [1, 2, 15, 16, 8, 4, 15, 1, 2, 2, 1, 2, 12, 10, 11, 1, 6]}",48,0.5247493982315063,75.0,0.596956753730774,70.0
"{'layout': [12, 0, 1, 8, 7, 2, 3, 6, 4, 9, 15, 5, 14, 13, 11, 10], 'arch': [1, 2, 15, 16, 8, 4, 15, 1, 2, 2, 1, 2, 12, 10, 11, 1, 6]}",49,0.5245239734649658,75.0,0.5976262569427491,70.0
"{'layout': [12, 0, 1, 8, 7, 2, 3, 6, 4, 9, 15, 5, 14, 13, 11, 10], 'arch': [1, 2, 15, 16, 8, 4, 15, 1, 2, 2, 1, 2, 12, 10, 11, 1, 6]}",50,0.5258244276046753,75.0,0.5968569636344909,70.0
"{'layout': [12, 0, 1, 8, 7, 2, 3, 6, 4, 9, 15, 5, 14, 13, 11, 10], 'arch': [1, 2, 15, 16, 8, 4, 15, 1, 2, 2, 1, 2, 12, 10, 11, 1, 6]}",51,0.5249776244163513,75.0,0.5966708183288574,70.0
"{'layout': [12, 0, 1, 8, 7, 2, 3, 6, 4, 9, 15, 5, 14, 13, 11, 10], 'arch': [1, 2, 15, 16, 8, 4, 15, 1, 2, 2, 1, 2, 12, 10, 11, 1, 6]}",52,0.5233573913574219,75.0,0.5970362663269043,70.0
"{'layout': [12, 0, 1, 8, 7, 2, 3, 6, 4, 9, 15, 5, 14, 13, 11, 10], 'arch': [1, 2, 15, 16, 8, 4, 15, 1, 2, 2, 1, 2, 12, 10, 11, 1, 6]}",53,0.5256052017211914,71.875,0.5974327921867371,70.0
"{'layout': [12, 0, 1, 8, 7, 2, 3, 6, 4, 9, 15, 5, 14, 13, 11, 10], 'arch': [1, 2, 15, 16, 8, 4, 15, 1, 2, 2, 1, 2, 12, 10, 11, 1, 6]}",54,0.525986909866333,75.0,0.5965366125106811,72.5
"{'layout': [12, 0, 1, 8, 7, 2, 3, 6, 4, 9, 15, 5, 14, 13, 11, 10], 'arch': [1, 2, 15, 16, 8, 4, 15, 1, 2, 2, 1, 2, 12, 10, 11, 1, 6]}",55,0.5254645347595215,75.0,0.5966531991958618,70.0
"{'layout': [12, 0, 1, 8, 7, 2, 3, 6, 4, 9, 15, 5, 14, 13, 11, 10], 'arch': [1, 2, 15, 16, 8, 4, 15, 1, 2, 2, 1, 2, 12, 10, 11, 1, 6]}",56,0.5249584913253784,75.0,0.5970313906669616,70.0
"{'layout': [12, 0, 1, 8, 7, 2, 3, 6, 4, 9, 15, 5, 14, 13, 11, 10], 'arch': [1, 2, 15, 16, 8, 4, 15, 1, 2, 2, 1, 2, 12, 10, 11, 1, 6]}",57,0.5251215100288391,75.0,0.5966888666152954,70.0
"{'layout': [12, 0, 1, 8, 7, 2, 3, 6, 4, 9, 15, 5, 14, 13, 11, 10], 'arch': [1, 2, 15, 16, 8, 4, 15, 1, 2, 2, 1, 2, 12, 10, 11, 1, 6]}",58,0.524978756904602,75.0,0.5961597442626954,70.0
"{'layout': [12, 0, 1, 8, 7, 2, 3, 6, 4, 9, 15, 5, 14, 13, 11, 10], 'arch': [1, 2, 15, 16, 8, 4, 15, 1, 2, 2, 1, 2, 12, 10, 11, 1, 6]}",59,0.525587797164917,75.0,0.5958394527435302,70.0
"{'layout': [12, 0, 1, 8, 7, 2, 3, 6, 4, 9, 15, 5, 14, 13, 11, 10], 'arch': [1, 2, 15, 16, 8, 4, 15, 1, 2, 2, 1, 2, 12, 10, 11, 1, 6]}",60,0.5248748660087585,75.0,0.5960350513458252,70.0
"{'layout': [12, 0, 1, 8, 7, 2, 3, 6, 4, 9, 15, 5, 14, 13, 11, 10], 'arch': [1, 2, 15, 16, 8, 4, 15, 1, 2, 2, 1, 2, 12, 10, 11, 1, 6]}",61,0.5233330130577087,75.0,0.5966238498687744,70.0
"{'layout': [12, 0, 1, 8, 7, 2, 3, 6, 4, 9, 15, 5, 14, 13, 11, 10], 'arch': [1, 2, 15, 16, 8, 4, 15, 1, 2, 2, 1, 2, 12, 10, 11, 1, 6]}",62,0.5237521529197693,75.0,0.5957266926765442,72.5
"{'layout': [12, 0, 1, 8, 7, 2, 3, 6, 4, 9, 15, 5, 14, 13, 11, 10], 'arch': [1, 2, 15, 16, 8, 4, 15, 1, 2, 2, 1, 2, 12, 10, 11, 1, 6]}",63,0.5245437622070312,75.0,0.5960630655288697,71.25
"{'layout': [12, 0, 1, 8, 7, 2, 3, 6, 4, 9, 15, 5, 14, 13, 11, 10], 'arch': [1, 2, 15, 16, 8, 4, 15, 1, 2, 2, 1, 2, 12, 10, 11, 1, 6]}",64,0.5239906311035156,75.0,0.5965336561203003,70.0
"{'layout': [12, 0, 1, 8, 7, 2, 3, 6, 4, 9, 15, 5, 14, 13, 11, 10], 'arch': [1, 2, 15, 16, 8, 4, 15, 1, 2, 2, 1, 2, 12, 10, 11, 1, 6]}",65,0.5272572636604309,75.0,0.5954113364219665,71.25
"{'layout': [12, 0, 1, 8, 7, 2, 3, 6, 4, 9, 15, 5, 14, 13, 11, 10], 'arch': [1, 2, 15, 16, 8, 4, 15, 1, 2, 2, 1, 2, 12, 10, 11, 1, 6]}",66,0.5239086747169495,75.0,0.5948766469955444,72.5
"{'layout': [12, 0, 1, 8, 7, 2, 3, 6, 4, 9, 15, 5, 14, 13, 11, 10], 'arch': [1, 2, 15, 16, 8, 4, 15, 1, 2, 2, 1, 2, 12, 10, 11, 1, 6]}",67,0.5234931111335754,71.875,0.5961748957633972,70.0
"{'layout': [12, 0, 1, 8, 7, 2, 3, 6, 4, 9, 15, 5, 14, 13, 11, 10], 'arch': [1, 2, 15, 16, 8, 4, 15, 1, 2, 2, 1, 2, 12, 10, 11, 1, 6]}",68,0.5235618948936462,75.0,0.5962985634803772,70.0
"{'layout': [12, 0, 1, 8, 7, 2, 3, 6, 4, 9, 15, 5, 14, 13, 11, 10], 'arch': [1, 2, 15, 16, 8, 4, 15, 1, 2, 2, 1, 2, 12, 10, 11, 1, 6]}",69,0.5232619643211365,75.0,0.5960312962532044,70.0
"{'layout': [12, 0, 1, 8, 7, 2, 3, 6, 4, 9, 15, 5, 14, 13, 11, 10], 'arch': [1, 2, 15, 16, 8, 4, 15, 1, 2, 2, 1, 2, 12, 10, 11, 1, 6]}",70,0.5237475037574768,75.0,0.5954513669013977,72.5
"{'layout': [12, 0, 1, 8, 7, 2, 3, 6, 4, 9, 15, 5, 14, 13, 11, 10], 'arch': [1, 2, 15, 16, 8, 4, 15, 1, 2, 2, 1, 2, 12, 10, 11, 1, 6]}",71,0.5256904363632202,75.0,0.5956929922103882,70.0
"{'layout': [12, 0, 1, 8, 7, 2, 3, 6, 4, 9, 15, 5, 14, 13, 11, 10], 'arch': [1, 2, 15, 16, 8, 4, 15, 1, 2, 2, 1, 2, 12, 10, 11, 1, 6]}",72,0.5246270895004272,75.0,0.5955577254295349,70.0
"{'layout': [12, 0, 1, 8, 7, 2, 3, 6, 4, 9, 15, 5, 14, 13, 11, 10], 'arch': [1, 2, 15, 16, 8, 4, 15, 1, 2, 2, 1, 2, 12, 10, 11, 1, 6]}",73,0.5247223377227783,75.0,0.5947739481925964,72.5
"{'layout': [12, 0, 1, 8, 7, 2, 3, 6, 4, 9, 15, 5, 14, 13, 11, 10], 'arch': [1, 2, 15, 16, 8, 4, 15, 1, 2, 2, 1, 2, 12, 10, 11, 1, 6]}",74,0.5234165191650391,75.0,0.5953874588012695,71.25
"{'layout': [12, 0, 1, 8, 7, 2, 3, 6, 4, 9, 15, 5, 14, 13, 11, 10], 'arch': [1, 2, 15, 16, 8, 4, 15, 1, 2, 2, 1, 2, 12, 10, 11, 1, 6]}",75,0.5236678123474121,75.0,0.5956239223480224,70.0
"{'layout': [12, 0, 1, 8, 7, 2, 3, 6, 4, 9, 15, 5, 14, 13, 11, 10], 'arch': [1, 2, 15, 16, 8, 4, 15, 1, 2, 2, 1, 2, 12, 10, 11, 1, 6]}",76,0.5250623226165771,75.0,0.5948993921279907,71.25
"{'layout': [12, 0, 1, 8, 7, 2, 3, 6, 4, 9, 15, 5, 14, 13, 11, 10], 'arch': [1, 2, 15, 16, 8, 4, 15, 1, 2, 2, 1, 2, 12, 10, 11, 1, 6]}",77,0.5233280062675476,75.0,0.5951600193977356,71.25
"{'layout': [12, 0, 1, 8, 7, 2, 3, 6, 4, 9, 15, 5, 14, 13, 11, 10], 'arch': [1, 2, 15, 16, 8, 4, 15, 1, 2, 2, 1, 2, 12, 10, 11, 1, 6]}",78,0.5227090716362,75.0,0.5950695753097535,71.25
"{'layout': [12, 0, 1, 8, 7, 2, 3, 6, 4, 9, 15, 5, 14, 13, 11, 10], 'arch': [1, 2, 15, 16, 8, 4, 15, 1, 2, 2, 1, 2, 12, 10, 11, 1, 6]}",79,0.5244708061218262,75.0,0.594640564918518,71.25
"{'layout': [12, 0, 1, 8, 7, 2, 3, 6, 4, 9, 15, 5, 14, 13, 11, 10], 'arch': [1, 2, 15, 16, 8, 4, 15, 1, 2, 2, 1, 2, 12, 10, 11, 1, 6]}",80,0.522574245929718,75.0,0.5947288393974304,70.0
"{'layout': [12, 0, 1, 8, 7, 2, 3, 6, 4, 9, 15, 5, 14, 13, 11, 10], 'arch': [1, 2, 15, 16, 8, 4, 15, 1, 2, 2, 1, 2, 12, 10, 11, 1, 6]}",81,0.5231095552444458,75.0,0.5948721528053283,71.25
"{'layout': [12, 0, 1, 8, 7, 2, 3, 6, 4, 9, 15, 5, 14, 13, 11, 10], 'arch': [1, 2, 15, 16, 8, 4, 15, 1, 2, 2, 1, 2, 12, 10, 11, 1, 6]}",82,0.5232506990432739,71.875,0.5942456722259521,72.5
"{'layout': [12, 0, 1, 8, 7, 2, 3, 6, 4, 9, 15, 5, 14, 13, 11, 10], 'arch': [1, 2, 15, 16, 8, 4, 15, 1, 2, 2, 1, 2, 12, 10, 11, 1, 6]}",83,0.5229809284210205,75.0,0.5945520997047424,70.0
"{'layout': [12, 0, 1, 8, 7, 2, 3, 6, 4, 9, 15, 5, 14, 13, 11, 10], 'arch': [1, 2, 15, 16, 8, 4, 15, 1, 2, 2, 1, 2, 12, 10, 11, 1, 6]}",84,0.5244100689888,71.875,0.5954252243041992,68.75
"{'layout': [12, 0, 1, 8, 7, 2, 3, 6, 4, 9, 15, 5, 14, 13, 11, 10], 'arch': [1, 2, 15, 16, 8, 4, 15, 1, 2, 2, 1, 2, 12, 10, 11, 1, 6]}",85,0.5241328477859497,75.0,0.5948628425598145,70.0
"{'layout': [12, 0, 1, 8, 7, 2, 3, 6, 4, 9, 15, 5, 14, 13, 11, 10], 'arch': [1, 2, 15, 16, 8, 4, 15, 1, 2, 2, 1, 2, 12, 10, 11, 1, 6]}",86,0.5218043327331543,75.0,0.5947814345359802,72.5
"{'layout': [12, 0, 1, 8, 7, 2, 3, 6, 4, 9, 15, 5, 14, 13, 11, 10], 'arch': [1, 2, 15, 16, 8, 4, 15, 1, 2, 2, 1, 2, 12, 10, 11, 1, 6]}",87,0.5225006341934204,75.0,0.5942243695259094,71.25
"{'layout': [12, 0, 1, 8, 7, 2, 3, 6, 4, 9, 15, 5, 14, 13, 11, 10], 'arch': [1, 2, 15, 16, 8, 4, 15, 1, 2, 2, 1, 2, 12, 10, 11, 1, 6]}",88,0.5219289660453796,75.0,0.5943822979927063,71.25
"{'layout': [12, 0, 1, 8, 7, 2, 3, 6, 4, 9, 15, 5, 14, 13, 11, 10], 'arch': [1, 2, 15, 16, 8, 4, 15, 1, 2, 2, 1, 2, 12, 10, 11, 1, 6]}",89,0.5229375958442688,71.875,0.5949701547622681,68.75
"{'layout': [12, 0, 1, 8, 7, 2, 3, 6, 4, 9, 15, 5, 14, 13, 11, 10], 'arch': [1, 2, 15, 16, 8, 4, 15, 1, 2, 2, 1, 2, 12, 10, 11, 1, 6]}",90,0.5229141712188721,75.0,0.5943905591964722,71.25
"{'layout': [12, 0, 1, 8, 7, 2, 3, 6, 4, 9, 15, 5, 14, 13, 11, 10], 'arch': [1, 2, 15, 16, 8, 4, 15, 1, 2, 2, 1, 2, 12, 10, 11, 1, 6]}",91,0.5230656266212463,75.0,0.5940950512886047,72.5
"{'layout': [12, 0, 1, 8, 7, 2, 3, 6, 4, 9, 15, 5, 14, 13, 11, 10], 'arch': [1, 2, 15, 16, 8, 4, 15, 1, 2, 2, 1, 2, 12, 10, 11, 1, 6]}",92,0.5245485305786133,75.0,0.594282078742981,70.0
"{'layout': [12, 0, 1, 8, 7, 2, 3, 6, 4, 9, 15, 5, 14, 13, 11, 10], 'arch': [1, 2, 15, 16, 8, 4, 15, 1, 2, 2, 1, 2, 12, 10, 11, 1, 6]}",93,0.5233237147331238,75.0,0.5940305113792419,71.25
"{'layout': [12, 0, 1, 8, 7, 2, 3, 6, 4, 9, 15, 5, 14, 13, 11, 10], 'arch': [1, 2, 15, 16, 8, 4, 15, 1, 2, 2, 1, 2, 12, 10, 11, 1, 6]}",94,0.5226948261260986,75.0,0.5940485119819641,71.25
"{'layout': [12, 0, 1, 8, 7, 2, 3, 6, 4, 9, 15, 5, 14, 13, 11, 10], 'arch': [1, 2, 15, 16, 8, 4, 15, 1, 2, 2, 1, 2, 12, 10, 11, 1, 6]}",95,0.5231125950813293,75.0,0.5941869139671325,70.0
"{'layout': [12, 0, 1, 8, 7, 2, 3, 6, 4, 9, 15, 5, 14, 13, 11, 10], 'arch': [1, 2, 15, 16, 8, 4, 15, 1, 2, 2, 1, 2, 12, 10, 11, 1, 6]}",96,0.5212484002113342,75.0,0.5940711379051209,72.5
"{'layout': [12, 0, 1, 8, 7, 2, 3, 6, 4, 9, 15, 5, 14, 13, 11, 10], 'arch': [1, 2, 15, 16, 8, 4, 15, 1, 2, 2, 1, 2, 12, 10, 11, 1, 6]}",97,0.5215542316436768,75.0,0.5941941380500794,71.25
"{'layout': [12, 0, 1, 8, 7, 2, 3, 6, 4, 9, 15, 5, 14, 13, 11, 10], 'arch': [1, 2, 15, 16, 8, 4, 15, 1, 2, 2, 1, 2, 12, 10, 11, 1, 6]}",98,0.5205393433570862,75.0,0.5944395303726197,71.25
"{'layout': [12, 0, 1, 8, 7, 2, 3, 6, 4, 9, 15, 5, 14, 13, 11, 10], 'arch': [1, 2, 15, 16, 8, 4, 15, 1, 2, 2, 1, 2, 12, 10, 11, 1, 6]}",99,0.522416889667511,75.0,0.5944276213645935,70.0
"{'layout': [12, 0, 1, 8, 7, 2, 3, 6, 4, 9, 15, 5, 14, 13, 11, 10], 'arch': [1, 2, 15, 16, 8, 4, 15, 1, 2, 2, 1, 2, 12, 10, 11, 1, 6]}",100,0.5245317816734314,75.0,0.5935630679130555,70.0
"{'layout': [12, 0, 1, 8, 7, 2, 3, 6, 4, 9, 15, 5, 14, 13, 11, 10], 'arch': [1, 2, 15, 16, 8, 4, 15, 1, 2, 2, 1, 2, 12, 10, 11, 1, 6]}",101,0.5241144895553589,75.0,0.5938619017601013,70.0
"{'layout': [12, 0, 1, 8, 7, 2, 3, 6, 4, 9, 15, 5, 14, 13, 11, 10], 'arch': [1, 2, 15, 16, 8, 4, 15, 1, 2, 2, 1, 2, 12, 10, 11, 1, 6]}",102,0.5224681496620178,75.0,0.5937179207801819,71.25
"{'layout': [12, 0, 1, 8, 7, 2, 3, 6, 4, 9, 15, 5, 14, 13, 11, 10], 'arch': [1, 2, 15, 16, 8, 4, 15, 1, 2, 2, 1, 2, 12, 10, 11, 1, 6]}",103,0.5206853747367859,75.0,0.5939224839210511,72.5
"{'layout': [12, 0, 1, 8, 7, 2, 3, 6, 4, 9, 15, 5, 14, 13, 11, 10], 'arch': [1, 2, 15, 16, 8, 4, 15, 1, 2, 2, 1, 2, 12, 10, 11, 1, 6]}",104,0.5202489495277405,75.0,0.5941565871238709,70.0
"{'layout': [12, 0, 1, 8, 7, 2, 3, 6, 4, 9, 15, 5, 14, 13, 11, 10], 'arch': [1, 2, 15, 16, 8, 4, 15, 1, 2, 2, 1, 2, 12, 10, 11, 1, 6]}",105,0.5219725966453552,75.0,0.5942454695701599,70.0
"{'layout': [12, 0, 1, 8, 7, 2, 3, 6, 4, 9, 15, 5, 14, 13, 11, 10], 'arch': [1, 2, 15, 16, 8, 4, 15, 1, 2, 2, 1, 2, 12, 10, 11, 1, 6]}",106,0.5233049988746643,75.0,0.5936034560203552,70.0
"{'layout': [12, 0, 1, 8, 7, 2, 3, 6, 4, 9, 15, 5, 14, 13, 11, 10], 'arch': [1, 2, 15, 16, 8, 4, 15, 1, 2, 2, 1, 2, 12, 10, 11, 1, 6]}",107,0.5227084755897522,75.0,0.5935742259025574,70.0
"{'layout': [12, 0, 1, 8, 7, 2, 3, 6, 4, 9, 15, 5, 14, 13, 11, 10], 'arch': [1, 2, 15, 16, 8, 4, 15, 1, 2, 2, 1, 2, 12, 10, 11, 1, 6]}",108,0.5223745703697205,75.0,0.593637216091156,70.0
"{'layout': [12, 0, 1, 8, 7, 2, 3, 6, 4, 9, 15, 5, 14, 13, 11, 10], 'arch': [1, 2, 15, 16, 8, 4, 15, 1, 2, 2, 1, 2, 12, 10, 11, 1, 6]}",109,0.5209569931030273,71.875,0.5935351252555847,71.25
"{'layout': [12, 0, 1, 8, 7, 2, 3, 6, 4, 9, 15, 5, 14, 13, 11, 10], 'arch': [1, 2, 15, 16, 8, 4, 15, 1, 2, 2, 1, 2, 12, 10, 11, 1, 6]}",110,0.5210344791412354,75.0,0.5935736894607544,71.25
"{'layout': [12, 0, 1, 8, 7, 2, 3, 6, 4, 9, 15, 5, 14, 13, 11, 10], 'arch': [1, 2, 15, 16, 8, 4, 15, 1, 2, 2, 1, 2, 12, 10, 11, 1, 6]}",111,0.5223944187164307,75.0,0.5939517974853515,70.0
"{'layout': [12, 0, 1, 8, 7, 2, 3, 6, 4, 9, 15, 5, 14, 13, 11, 10], 'arch': [1, 2, 15, 16, 8, 4, 15, 1, 2, 2, 1, 2, 12, 10, 11, 1, 6]}",112,0.5224336385726929,75.0,0.5936906218528748,70.0
"{'layout': [12, 0, 1, 8, 7, 2, 3, 6, 4, 9, 15, 5, 14, 13, 11, 10], 'arch': [1, 2, 15, 16, 8, 4, 15, 1, 2, 2, 1, 2, 12, 10, 11, 1, 6]}",113,0.5220596790313721,75.0,0.5939698934555053,70.0
"{'layout': [12, 0, 1, 8, 7, 2, 3, 6, 4, 9, 15, 5, 14, 13, 11, 10], 'arch': [1, 2, 15, 16, 8, 4, 15, 1, 2, 2, 1, 2, 12, 10, 11, 1, 6]}",114,0.5209895372390747,75.0,0.5935183763504028,71.25
"{'layout': [12, 0, 1, 8, 7, 2, 3, 6, 4, 9, 15, 5, 14, 13, 11, 10], 'arch': [1, 2, 15, 16, 8, 4, 15, 1, 2, 2, 1, 2, 12, 10, 11, 1, 6]}",115,0.5219893455505371,75.0,0.5937856078147888,70.0
"{'layout': [12, 0, 1, 8, 7, 2, 3, 6, 4, 9, 15, 5, 14, 13, 11, 10], 'arch': [1, 2, 15, 16, 8, 4, 15, 1, 2, 2, 1, 2, 12, 10, 11, 1, 6]}",116,0.5215848088264465,71.875,0.5934349179267884,71.25
"{'layout': [12, 0, 1, 8, 7, 2, 3, 6, 4, 9, 15, 5, 14, 13, 11, 10], 'arch': [1, 2, 15, 16, 8, 4, 15, 1, 2, 2, 1, 2, 12, 10, 11, 1, 6]}",117,0.520772397518158,71.875,0.5933755278587342,71.25
"{'layout': [12, 0, 1, 8, 7, 2, 3, 6, 4, 9, 15, 5, 14, 13, 11, 10], 'arch': [1, 2, 15, 16, 8, 4, 15, 1, 2, 2, 1, 2, 12, 10, 11, 1, 6]}",118,0.5228076577186584,75.0,0.5933295249938965,70.0
"{'layout': [12, 0, 1, 8, 7, 2, 3, 6, 4, 9, 15, 5, 14, 13, 11, 10], 'arch': [1, 2, 15, 16, 8, 4, 15, 1, 2, 2, 1, 2, 12, 10, 11, 1, 6]}",119,0.522139310836792,75.0,0.5935659289360047,70.0
"{'layout': [12, 0, 1, 8, 7, 2, 3, 6, 4, 9, 15, 5, 14, 13, 11, 10], 'arch': [1, 2, 15, 16, 8, 4, 15, 1, 2, 2, 1, 2, 12, 10, 11, 1, 6]}",120,0.5224677920341492,75.0,0.5938302516937256,70.0
"{'layout': [12, 0, 1, 8, 7, 2, 3, 6, 4, 9, 15, 5, 14, 13, 11, 10], 'arch': [1, 2, 15, 16, 8, 4, 15, 1, 2, 2, 1, 2, 12, 10, 11, 1, 6]}",121,0.521806538105011,75.0,0.5934412002563476,70.0
"{'layout': [12, 0, 1, 8, 7, 2, 3, 6, 4, 9, 15, 5, 14, 13, 11, 10], 'arch': [1, 2, 15, 16, 8, 4, 15, 1, 2, 2, 1, 2, 12, 10, 11, 1, 6]}",122,0.5216309428215027,71.875,0.5933114886283875,70.0
"{'layout': [12, 0, 1, 8, 7, 2, 3, 6, 4, 9, 15, 5, 14, 13, 11, 10], 'arch': [1, 2, 15, 16, 8, 4, 15, 1, 2, 2, 1, 2, 12, 10, 11, 1, 6]}",123,0.5219089984893799,75.0,0.5935335040092469,70.0
"{'layout': [12, 0, 1, 8, 7, 2, 3, 6, 4, 9, 15, 5, 14, 13, 11, 10], 'arch': [1, 2, 15, 16, 8, 4, 15, 1, 2, 2, 1, 2, 12, 10, 11, 1, 6]}",124,0.5201654434204102,75.0,0.5936338067054748,68.75
"{'layout': [12, 0, 1, 8, 7, 2, 3, 6, 4, 9, 15, 5, 14, 13, 11, 10], 'arch': [1, 2, 15, 16, 8, 4, 15, 1, 2, 2, 1, 2, 12, 10, 11, 1, 6]}",125,0.5207295417785645,75.0,0.5932426691055298,70.0
"{'layout': [12, 0, 1, 8, 7, 2, 3, 6, 4, 9, 15, 5, 14, 13, 11, 10], 'arch': [1, 2, 15, 16, 8, 4, 15, 1, 2, 2, 1, 2, 12, 10, 11, 1, 6]}",126,0.5209091901779175,75.0,0.5931283831596375,70.0
"{'layout': [12, 0, 1, 8, 7, 2, 3, 6, 4, 9, 15, 5, 14, 13, 11, 10], 'arch': [1, 2, 15, 16, 8, 4, 15, 1, 2, 2, 1, 2, 12, 10, 11, 1, 6]}",127,0.5209898352622986,75.0,0.5932422637939453,70.0
"{'layout': [12, 0, 1, 8, 7, 2, 3, 6, 4, 9, 15, 5, 14, 13, 11, 10], 'arch': [1, 2, 15, 16, 8, 4, 15, 1, 2, 2, 1, 2, 12, 10, 11, 1, 6]}",128,0.5218634009361267,75.0,0.5932316899299621,68.75
"{'layout': [12, 0, 1, 8, 7, 2, 3, 6, 4, 9, 15, 5, 14, 13, 11, 10], 'arch': [1, 2, 15, 16, 8, 4, 15, 1, 2, 2, 1, 2, 12, 10, 11, 1, 6]}",129,0.5215935707092285,75.0,0.5934021830558777,68.75
"{'layout': [12, 0, 1, 8, 7, 2, 3, 6, 4, 9, 15, 5, 14, 13, 11, 10], 'arch': [1, 2, 15, 16, 8, 4, 15, 1, 2, 2, 1, 2, 12, 10, 11, 1, 6]}",130,0.5220910310745239,75.0,0.5934479594230652,68.75
"{'layout': [12, 0, 1, 8, 7, 2, 3, 6, 4, 9, 15, 5, 14, 13, 11, 10], 'arch': [1, 2, 15, 16, 8, 4, 15, 1, 2, 2, 1, 2, 12, 10, 11, 1, 6]}",131,0.5206261873245239,71.875,0.5931276798248291,70.0
"{'layout': [12, 0, 1, 8, 7, 2, 3, 6, 4, 9, 15, 5, 14, 13, 11, 10], 'arch': [1, 2, 15, 16, 8, 4, 15, 1, 2, 2, 1, 2, 12, 10, 11, 1, 6]}",132,0.5208469033241272,71.875,0.5929327487945557,71.25
"{'layout': [12, 0, 1, 8, 7, 2, 3, 6, 4, 9, 15, 5, 14, 13, 11, 10], 'arch': [1, 2, 15, 16, 8, 4, 15, 1, 2, 2, 1, 2, 12, 10, 11, 1, 6]}",133,0.5211542248725891,75.0,0.5934006690979003,68.75
"{'layout': [12, 0, 1, 8, 7, 2, 3, 6, 4, 9, 15, 5, 14, 13, 11, 10], 'arch': [1, 2, 15, 16, 8, 4, 15, 1, 2, 2, 1, 2, 12, 10, 11, 1, 6]}",134,0.521926760673523,75.0,0.5930699706077576,70.0
"{'layout': [12, 0, 1, 8, 7, 2, 3, 6, 4, 9, 15, 5, 14, 13, 11, 10], 'arch': [1, 2, 15, 16, 8, 4, 15, 1, 2, 2, 1, 2, 12, 10, 11, 1, 6]}",135,0.521401584148407,75.0,0.5933957934379578,70.0
"{'layout': [12, 0, 1, 8, 7, 2, 3, 6, 4, 9, 15, 5, 14, 13, 11, 10], 'arch': [1, 2, 15, 16, 8, 4, 15, 1, 2, 2, 1, 2, 12, 10, 11, 1, 6]}",136,0.5208543539047241,75.0,0.5932050466537475,70.0
"{'layout': [12, 0, 1, 8, 7, 2, 3, 6, 4, 9, 15, 5, 14, 13, 11, 10], 'arch': [1, 2, 15, 16, 8, 4, 15, 1, 2, 2, 1, 2, 12, 10, 11, 1, 6]}",137,0.5215598940849304,75.0,0.5930936574935913,70.0
"{'layout': [12, 0, 1, 8, 7, 2, 3, 6, 4, 9, 15, 5, 14, 13, 11, 10], 'arch': [1, 2, 15, 16, 8, 4, 15, 1, 2, 2, 1, 2, 12, 10, 11, 1, 6]}",138,0.5218276381492615,75.0,0.59303218126297,70.0
"{'layout': [12, 0, 1, 8, 7, 2, 3, 6, 4, 9, 15, 5, 14, 13, 11, 10], 'arch': [1, 2, 15, 16, 8, 4, 15, 1, 2, 2, 1, 2, 12, 10, 11, 1, 6]}",139,0.5221599340438843,75.0,0.5930343866348267,68.75
"{'layout': [12, 0, 1, 8, 7, 2, 3, 6, 4, 9, 15, 5, 14, 13, 11, 10], 'arch': [1, 2, 15, 16, 8, 4, 15, 1, 2, 2, 1, 2, 12, 10, 11, 1, 6]}",140,0.5207028388977051,75.0,0.5931111812591553,70.0
"{'layout': [12, 0, 1, 8, 7, 2, 3, 6, 4, 9, 15, 5, 14, 13, 11, 10], 'arch': [1, 2, 15, 16, 8, 4, 15, 1, 2, 2, 1, 2, 12, 10, 11, 1, 6]}",141,0.5205055475234985,75.0,0.593149721622467,70.0
"{'layout': [12, 0, 1, 8, 7, 2, 3, 6, 4, 9, 15, 5, 14, 13, 11, 10], 'arch': [1, 2, 15, 16, 8, 4, 15, 1, 2, 2, 1, 2, 12, 10, 11, 1, 6]}",142,0.5212579965591431,75.0,0.5931504368782043,70.0
"{'layout': [12, 0, 1, 8, 7, 2, 3, 6, 4, 9, 15, 5, 14, 13, 11, 10], 'arch': [1, 2, 15, 16, 8, 4, 15, 1, 2, 2, 1, 2, 12, 10, 11, 1, 6]}",143,0.521726131439209,75.0,0.5929211378097534,70.0
"{'layout': [12, 0, 1, 8, 7, 2, 3, 6, 4, 9, 15, 5, 14, 13, 11, 10], 'arch': [1, 2, 15, 16, 8, 4, 15, 1, 2, 2, 1, 2, 12, 10, 11, 1, 6]}",144,0.5210474133491516,75.0,0.5931448340415955,70.0
"{'layout': [12, 0, 1, 8, 7, 2, 3, 6, 4, 9, 15, 5, 14, 13, 11, 10], 'arch': [1, 2, 15, 16, 8, 4, 15, 1, 2, 2, 1, 2, 12, 10, 11, 1, 6]}",145,0.5205968618392944,75.0,0.5930949807167053,70.0
"{'layout': [12, 0, 1, 8, 7, 2, 3, 6, 4, 9, 15, 5, 14, 13, 11, 10], 'arch': [1, 2, 15, 16, 8, 4, 15, 1, 2, 2, 1, 2, 12, 10, 11, 1, 6]}",146,0.5206615328788757,75.0,0.593028974533081,70.0
"{'layout': [12, 0, 1, 8, 7, 2, 3, 6, 4, 9, 15, 5, 14, 13, 11, 10], 'arch': [1, 2, 15, 16, 8, 4, 15, 1, 2, 2, 1, 2, 12, 10, 11, 1, 6]}",147,0.5204957723617554,75.0,0.5931371212005615,68.75
"{'layout': [12, 0, 1, 8, 7, 2, 3, 6, 4, 9, 15, 5, 14, 13, 11, 10], 'arch': [1, 2, 15, 16, 8, 4, 15, 1, 2, 2, 1, 2, 12, 10, 11, 1, 6]}",148,0.5210854411125183,75.0,0.5930849075317383,68.75
"{'layout': [12, 0, 1, 8, 7, 2, 3, 6, 4, 9, 15, 5, 14, 13, 11, 10], 'arch': [1, 2, 15, 16, 8, 4, 15, 1, 2, 2, 1, 2, 12, 10, 11, 1, 6]}",149,0.5210658311843872,71.875,0.592880654335022,70.0
"{'layout': [12, 0, 1, 8, 7, 2, 3, 6, 4, 9, 15, 5, 14, 13, 11, 10], 'arch': [1, 2, 15, 16, 8, 4, 15, 1, 2, 2, 1, 2, 12, 10, 11, 1, 6]}",150,0.5214530229568481,71.875,0.5928900361061096,70.0
"{'layout': [12, 0, 1, 8, 7, 2, 3, 6, 4, 9, 15, 5, 14, 13, 11, 10], 'arch': [1, 2, 15, 16, 8, 4, 15, 1, 2, 2, 1, 2, 12, 10, 11, 1, 6]}",151,0.5214936137199402,75.0,0.5929554462432861,70.0
"{'layout': [12, 0, 1, 8, 7, 2, 3, 6, 4, 9, 15, 5, 14, 13, 11, 10], 'arch': [1, 2, 15, 16, 8, 4, 15, 1, 2, 2, 1, 2, 12, 10, 11, 1, 6]}",152,0.5214996337890625,75.0,0.5930602073669433,68.75
"{'layout': [12, 0, 1, 8, 7, 2, 3, 6, 4, 9, 15, 5, 14, 13, 11, 10], 'arch': [1, 2, 15, 16, 8, 4, 15, 1, 2, 2, 1, 2, 12, 10, 11, 1, 6]}",153,0.5210563540458679,75.0,0.5929558992385864,70.0
"{'layout': [12, 0, 1, 8, 7, 2, 3, 6, 4, 9, 15, 5, 14, 13, 11, 10], 'arch': [1, 2, 15, 16, 8, 4, 15, 1, 2, 2, 1, 2, 12, 10, 11, 1, 6]}",154,0.5207106471061707,75.0,0.5929588675498962,70.0
"{'layout': [12, 0, 1, 8, 7, 2, 3, 6, 4, 9, 15, 5, 14, 13, 11, 10], 'arch': [1, 2, 15, 16, 8, 4, 15, 1, 2, 2, 1, 2, 12, 10, 11, 1, 6]}",155,0.5209202170372009,75.0,0.5929421186447144,70.0
"{'layout': [12, 0, 1, 8, 7, 2, 3, 6, 4, 9, 15, 5, 14, 13, 11, 10], 'arch': [1, 2, 15, 16, 8, 4, 15, 1, 2, 2, 1, 2, 12, 10, 11, 1, 6]}",156,0.5208367705345154,75.0,0.5929953813552856,70.0
"{'layout': [12, 0, 1, 8, 7, 2, 3, 6, 4, 9, 15, 5, 14, 13, 11, 10], 'arch': [1, 2, 15, 16, 8, 4, 15, 1, 2, 2, 1, 2, 12, 10, 11, 1, 6]}",157,0.5211349725723267,75.0,0.5930686712265014,70.0
"{'layout': [12, 0, 1, 8, 7, 2, 3, 6, 4, 9, 15, 5, 14, 13, 11, 10], 'arch': [1, 2, 15, 16, 8, 4, 15, 1, 2, 2, 1, 2, 12, 10, 11, 1, 6]}",158,0.5208914875984192,75.0,0.5930041790008544,70.0
"{'layout': [12, 0, 1, 8, 7, 2, 3, 6, 4, 9, 15, 5, 14, 13, 11, 10], 'arch': [1, 2, 15, 16, 8, 4, 15, 1, 2, 2, 1, 2, 12, 10, 11, 1, 6]}",159,0.5206044912338257,75.0,0.5930151224136353,70.0
"{'layout': [12, 0, 1, 8, 7, 2, 3, 6, 4, 9, 15, 5, 14, 13, 11, 10], 'arch': [1, 2, 15, 16, 8, 4, 15, 1, 2, 2, 1, 2, 12, 10, 11, 1, 6]}",160,0.5206592082977295,71.875,0.592933177947998,70.0
"{'layout': [12, 0, 1, 8, 7, 2, 3, 6, 4, 9, 15, 5, 14, 13, 11, 10], 'arch': [1, 2, 15, 16, 8, 4, 15, 1, 2, 2, 1, 2, 12, 10, 11, 1, 6]}",161,0.5207979083061218,75.0,0.5930061340332031,70.0
"{'layout': [12, 0, 1, 8, 7, 2, 3, 6, 4, 9, 15, 5, 14, 13, 11, 10], 'arch': [1, 2, 15, 16, 8, 4, 15, 1, 2, 2, 1, 2, 12, 10, 11, 1, 6]}",162,0.5207480192184448,75.0,0.592999267578125,70.0
"{'layout': [12, 0, 1, 8, 7, 2, 3, 6, 4, 9, 15, 5, 14, 13, 11, 10], 'arch': [1, 2, 15, 16, 8, 4, 15, 1, 2, 2, 1, 2, 12, 10, 11, 1, 6]}",163,0.5209289193153381,75.0,0.5929475665092468,70.0
"{'layout': [12, 0, 1, 8, 7, 2, 3, 6, 4, 9, 15, 5, 14, 13, 11, 10], 'arch': [1, 2, 15, 16, 8, 4, 15, 1, 2, 2, 1, 2, 12, 10, 11, 1, 6]}",164,0.5210024118423462,75.0,0.5929608345031738,70.0
"{'layout': [12, 0, 1, 8, 7, 2, 3, 6, 4, 9, 15, 5, 14, 13, 11, 10], 'arch': [1, 2, 15, 16, 8, 4, 15, 1, 2, 2, 1, 2, 12, 10, 11, 1, 6]}",165,0.5209082961082458,71.875,0.5928983688354492,70.0
"{'layout': [12, 0, 1, 8, 7, 2, 3, 6, 4, 9, 15, 5, 14, 13, 11, 10], 'arch': [1, 2, 15, 16, 8, 4, 15, 1, 2, 2, 1, 2, 12, 10, 11, 1, 6]}",166,0.521045982837677,75.0,0.5930027723312378,68.75
"{'layout': [12, 0, 1, 8, 7, 2, 3, 6, 4, 9, 15, 5, 14, 13, 11, 10], 'arch': [1, 2, 15, 16, 8, 4, 15, 1, 2, 2, 1, 2, 12, 10, 11, 1, 6]}",167,0.5209526419639587,75.0,0.592955219745636,70.0
"{'layout': [12, 0, 1, 8, 7, 2, 3, 6, 4, 9, 15, 5, 14, 13, 11, 10], 'arch': [1, 2, 15, 16, 8, 4, 15, 1, 2, 2, 1, 2, 12, 10, 11, 1, 6]}",168,0.5208216905593872,75.0,0.5929738283157349,70.0
"{'layout': [12, 0, 1, 8, 7, 2, 3, 6, 4, 9, 15, 5, 14, 13, 11, 10], 'arch': [1, 2, 15, 16, 8, 4, 15, 1, 2, 2, 1, 2, 12, 10, 11, 1, 6]}",169,0.5209497809410095,75.0,0.5928990125656128,70.0
"{'layout': [12, 0, 1, 8, 7, 2, 3, 6, 4, 9, 15, 5, 14, 13, 11, 10], 'arch': [1, 2, 15, 16, 8, 4, 15, 1, 2, 2, 1, 2, 12, 10, 11, 1, 6]}",170,0.5208978652954102,71.875,0.5928660988807678,70.0
"{'layout': [12, 0, 1, 8, 7, 2, 3, 6, 4, 9, 15, 5, 14, 13, 11, 10], 'arch': [1, 2, 15, 16, 8, 4, 15, 1, 2, 2, 1, 2, 12, 10, 11, 1, 6]}",171,0.5209431052207947,75.0,0.5928934216499329,70.0
"{'layout': [12, 0, 1, 8, 7, 2, 3, 6, 4, 9, 15, 5, 14, 13, 11, 10], 'arch': [1, 2, 15, 16, 8, 4, 15, 1, 2, 2, 1, 2, 12, 10, 11, 1, 6]}",172,0.5207845568656921,75.0,0.5928843498229981,70.0
"{'layout': [12, 0, 1, 8, 7, 2, 3, 6, 4, 9, 15, 5, 14, 13, 11, 10], 'arch': [1, 2, 15, 16, 8, 4, 15, 1, 2, 2, 1, 2, 12, 10, 11, 1, 6]}",173,0.5209148526191711,75.0,0.5929242372512817,70.0
"{'layout': [12, 0, 1, 8, 7, 2, 3, 6, 4, 9, 15, 5, 14, 13, 11, 10], 'arch': [1, 2, 15, 16, 8, 4, 15, 1, 2, 2, 1, 2, 12, 10, 11, 1, 6]}",174,0.5208222270011902,75.0,0.5929286241531372,70.0
"{'layout': [12, 0, 1, 8, 7, 2, 3, 6, 4, 9, 15, 5, 14, 13, 11, 10], 'arch': [1, 2, 15, 16, 8, 4, 15, 1, 2, 2, 1, 2, 12, 10, 11, 1, 6]}",175,0.5208011269569397,75.0,0.5929017305374146,70.0
"{'layout': [12, 0, 1, 8, 7, 2, 3, 6, 4, 9, 15, 5, 14, 13, 11, 10], 'arch': [1, 2, 15, 16, 8, 4, 15, 1, 2, 2, 1, 2, 12, 10, 11, 1, 6]}",176,0.5207873582839966,75.0,0.5929197549819947,70.0
"{'layout': [12, 0, 1, 8, 7, 2, 3, 6, 4, 9, 15, 5, 14, 13, 11, 10], 'arch': [1, 2, 15, 16, 8, 4, 15, 1, 2, 2, 1, 2, 12, 10, 11, 1, 6]}",177,0.5207387804985046,75.0,0.5929386258125305,70.0
"{'layout': [12, 0, 1, 8, 7, 2, 3, 6, 4, 9, 15, 5, 14, 13, 11, 10], 'arch': [1, 2, 15, 16, 8, 4, 15, 1, 2, 2, 1, 2, 12, 10, 11, 1, 6]}",178,0.520778477191925,75.0,0.5929176568984985,70.0
"{'layout': [12, 0, 1, 8, 7, 2, 3, 6, 4, 9, 15, 5, 14, 13, 11, 10], 'arch': [1, 2, 15, 16, 8, 4, 15, 1, 2, 2, 1, 2, 12, 10, 11, 1, 6]}",179,0.5209128856658936,75.0,0.5929123401641846,70.0
"{'layout': [12, 0, 1, 8, 7, 2, 3, 6, 4, 9, 15, 5, 14, 13, 11, 10], 'arch': [1, 2, 15, 16, 8, 4, 15, 1, 2, 2, 1, 2, 12, 10, 11, 1, 6]}",180,0.5208628177642822,75.0,0.5928805351257325,70.0
"{'layout': [12, 0, 1, 8, 7, 2, 3, 6, 4, 9, 15, 5, 14, 13, 11, 10], 'arch': [1, 2, 15, 16, 8, 4, 15, 1, 2, 2, 1, 2, 12, 10, 11, 1, 6]}",181,0.5209118723869324,75.0,0.5928730726242065,70.0
"{'layout': [12, 0, 1, 8, 7, 2, 3, 6, 4, 9, 15, 5, 14, 13, 11, 10], 'arch': [1, 2, 15, 16, 8, 4, 15, 1, 2, 2, 1, 2, 12, 10, 11, 1, 6]}",182,0.5208311080932617,75.0,0.5929082155227661,70.0
"{'layout': [12, 0, 1, 8, 7, 2, 3, 6, 4, 9, 15, 5, 14, 13, 11, 10], 'arch': [1, 2, 15, 16, 8, 4, 15, 1, 2, 2, 1, 2, 12, 10, 11, 1, 6]}",183,0.5208031535148621,75.0,0.592904019355774,70.0
"{'layout': [12, 0, 1, 8, 7, 2, 3, 6, 4, 9, 15, 5, 14, 13, 11, 10], 'arch': [1, 2, 15, 16, 8, 4, 15, 1, 2, 2, 1, 2, 12, 10, 11, 1, 6]}",184,0.5208110809326172,75.0,0.5928993940353393,70.0
"{'layout': [12, 0, 1, 8, 7, 2, 3, 6, 4, 9, 15, 5, 14, 13, 11, 10], 'arch': [1, 2, 15, 16, 8, 4, 15, 1, 2, 2, 1, 2, 12, 10, 11, 1, 6]}",185,0.5208178162574768,75.0,0.5929090023040772,70.0
"{'layout': [12, 0, 1, 8, 7, 2, 3, 6, 4, 9, 15, 5, 14, 13, 11, 10], 'arch': [1, 2, 15, 16, 8, 4, 15, 1, 2, 2, 1, 2, 12, 10, 11, 1, 6]}",186,0.520828127861023,75.0,0.5929081678390503,70.0
"{'layout': [12, 0, 1, 8, 7, 2, 3, 6, 4, 9, 15, 5, 14, 13, 11, 10], 'arch': [1, 2, 15, 16, 8, 4, 15, 1, 2, 2, 1, 2, 12, 10, 11, 1, 6]}",187,0.5208188891410828,75.0,0.5929136991500854,70.0
"{'layout': [12, 0, 1, 8, 7, 2, 3, 6, 4, 9, 15, 5, 14, 13, 11, 10], 'arch': [1, 2, 15, 16, 8, 4, 15, 1, 2, 2, 1, 2, 12, 10, 11, 1, 6]}",188,0.5208430886268616,75.0,0.5929047346115113,70.0
"{'layout': [12, 0, 1, 8, 7, 2, 3, 6, 4, 9, 15, 5, 14, 13, 11, 10], 'arch': [1, 2, 15, 16, 8, 4, 15, 1, 2, 2, 1, 2, 12, 10, 11, 1, 6]}",189,0.5208154916763306,75.0,0.5928990006446838,70.0
"{'layout': [12, 0, 1, 8, 7, 2, 3, 6, 4, 9, 15, 5, 14, 13, 11, 10], 'arch': [1, 2, 15, 16, 8, 4, 15, 1, 2, 2, 1, 2, 12, 10, 11, 1, 6]}",190,0.5207988023757935,75.0,0.5928968548774719,70.0
"{'layout': [12, 0, 1, 8, 7, 2, 3, 6, 4, 9, 15, 5, 14, 13, 11, 10], 'arch': [1, 2, 15, 16, 8, 4, 15, 1, 2, 2, 1, 2, 12, 10, 11, 1, 6]}",191,0.5208019614219666,75.0,0.592903470993042,70.0
"{'layout': [12, 0, 1, 8, 7, 2, 3, 6, 4, 9, 15, 5, 14, 13, 11, 10], 'arch': [1, 2, 15, 16, 8, 4, 15, 1, 2, 2, 1, 2, 12, 10, 11, 1, 6]}",192,0.5208050012588501,75.0,0.5929081082344055,70.0
"{'layout': [12, 0, 1, 8, 7, 2, 3, 6, 4, 9, 15, 5, 14, 13, 11, 10], 'arch': [1, 2, 15, 16, 8, 4, 15, 1, 2, 2, 1, 2, 12, 10, 11, 1, 6]}",193,0.5208088755607605,75.0,0.5929042220115661,70.0
"{'layout': [12, 0, 1, 8, 7, 2, 3, 6, 4, 9, 15, 5, 14, 13, 11, 10], 'arch': [1, 2, 15, 16, 8, 4, 15, 1, 2, 2, 1, 2, 12, 10, 11, 1, 6]}",194,0.5208067297935486,75.0,0.5929028153419494,70.0
"{'layout': [12, 0, 1, 8, 7, 2, 3, 6, 4, 9, 15, 5, 14, 13, 11, 10], 'arch': [1, 2, 15, 16, 8, 4, 15, 1, 2, 2, 1, 2, 12, 10, 11, 1, 6]}",195,0.5208176374435425,75.0,0.5929015517234802,70.0
"{'layout': [12, 0, 1, 8, 7, 2, 3, 6, 4, 9, 15, 5, 14, 13, 11, 10], 'arch': [1, 2, 15, 16, 8, 4, 15, 1, 2, 2, 1, 2, 12, 10, 11, 1, 6]}",196,0.5208131670951843,75.0,0.5929005384445191,70.0
"{'layout': [12, 0, 1, 8, 7, 2, 3, 6, 4, 9, 15, 5, 14, 13, 11, 10], 'arch': [1, 2, 15, 16, 8, 4, 15, 1, 2, 2, 1, 2, 12, 10, 11, 1, 6]}",197,0.5208116173744202,75.0,0.5929004311561584,70.0
"{'layout': [12, 0, 1, 8, 7, 2, 3, 6, 4, 9, 15, 5, 14, 13, 11, 10], 'arch': [1, 2, 15, 16, 8, 4, 15, 1, 2, 2, 1, 2, 12, 10, 11, 1, 6]}",198,0.5208109617233276,75.0,0.5929001569747925,70.0
"{'layout': [12, 0, 1, 8, 7, 2, 3, 6, 4, 9, 15, 5, 14, 13, 11, 10], 'arch': [1, 2, 15, 16, 8, 4, 15, 1, 2, 2, 1, 2, 12, 10, 11, 1, 6]}",199,0.5208109617233276,75.0,0.5929001331329345,70.0
"{'layout': [12, 0, 1, 8, 7, 2, 3, 6, 4, 9, 15, 5, 14, 13, 11, 10], 'arch': [1, 2, 15, 16, 8, 4, 15, 1, 2, 2, 1, 2, 12, 10, 11, 1, 6]}",200,0.5208109617233276,75.0,0.5929001927375793,70.0
